<?xml version="1.0" encoding="UTF-8"?>
<!DOCTYPE declaraciones [
   <!ELEMENT declaraciones (#PCDATA | consonante | tipo_de_dato | variable)*>
   <!ELEMENT consonante (#PCDATA)>
   <!ATTLIST consonante valor CDATA #IMPLIED>
   <!ELEMENT tipo_de_dato (#PCDATA)>
   <!ELEMENT variable (#PCDATA)>
   <!ATTLIST variable tipo CDATA #IMPLIED>
]>

<declaraciones>
   <consonante valor="3.141592">PI</consonante>
   <variable tipo="real">radio</variable>
   <variable>area</variable>
   <variable>longitud</variable>
</declaraciones>