<?xml version="1.0" encoding="UTF-8"?>
<!DOCTYPE productos [
   <!ELEMENT productos (producto)*>
   <!ELEMENT producto (identificacion, nombre)>
   <!ELEMENT identificacion (#PCDATA | codigo | id)*>
   <!ELEMENT codigo (#PCDATA)>
   <!ELEMENT id (#PCDATA)>
   <!ELEMENT nombre (#PCDATA)>
]>

<productos>
      <nombre>Pinzas</nombre>
      <identificacion>
         <codigo>PIN091</codigo>
         Quedan 5 unidades.
      </identificacion>
      <identificacion>
         <codigo>SIE782</codigo>
         <id>875623</id>
         Quedan 3 unidades.
      </identificacion>
      <nombre>Sierra</nombre>
      <identificacion>
         Quedan 14 unidades.
         <codigo>MAR264</codigo>
      </identificacion>
      <nombre>Martillo</nombre>
      <nombre>Destornillador</nombre>
      <identificacion>
         <codigo>DES387</codigo>
         <id>678984</id>
         No hay stock.
      </identificacion>
</productos>
